username,start_date,end_date,query
fayette477,2020-07-01,2021-01-30,"INSERT INTO pt_avail_periods (username, start_date, end_date) VALUES('fayette477', '2020-07-01', '2021-01-30');"
felipe75,2020-07-01,2021-02-19,"INSERT INTO pt_avail_periods (username, start_date, end_date) VALUES('felipe75', '2020-07-01', '2021-02-19');"
fernando826,2020-07-01,2021-01-29,"INSERT INTO pt_avail_periods (username, start_date, end_date) VALUES('fernando826', '2020-07-01', '2021-01-29');"
flem343,2020-07-01,2021-01-27,"INSERT INTO pt_avail_periods (username, start_date, end_date) VALUES('flem343', '2020-07-01', '2021-01-27');"
florence282,2020-07-01,2021-02-03,"INSERT INTO pt_avail_periods (username, start_date, end_date) VALUES('florence282', '2020-07-01', '2021-02-03');"
ford888,2020-07-01,2021-02-21,"INSERT INTO pt_avail_periods (username, start_date, end_date) VALUES('ford888', '2020-07-01', '2021-02-21');"
harlan247,2020-07-01,2021-02-21,"INSERT INTO pt_avail_periods (username, start_date, end_date) VALUES('harlan247', '2020-07-01', '2021-02-21');"
hayes346,2020-07-01,2021-02-05,"INSERT INTO pt_avail_periods (username, start_date, end_date) VALUES('hayes346', '2020-07-01', '2021-02-05');"
henery563,2020-07-01,2021-02-02,"INSERT INTO pt_avail_periods (username, start_date, end_date) VALUES('henery563', '2020-07-01', '2021-02-02');"
hoy10,2020-07-01,2021-01-30,"INSERT INTO pt_avail_periods (username, start_date, end_date) VALUES('hoy10', '2020-07-01', '2021-01-30');"
huston964,2020-07-01,2021-02-10,"INSERT INTO pt_avail_periods (username, start_date, end_date) VALUES('huston964', '2020-07-01', '2021-02-10');"
ida65,2020-07-01,2021-01-26,"INSERT INTO pt_avail_periods (username, start_date, end_date) VALUES('ida65', '2020-07-01', '2021-01-26');"
ivory507,2020-07-01,2021-02-21,"INSERT INTO pt_avail_periods (username, start_date, end_date) VALUES('ivory507', '2020-07-01', '2021-02-21');"
jonah902,2020-07-01,2021-02-16,"INSERT INTO pt_avail_periods (username, start_date, end_date) VALUES('jonah902', '2020-07-01', '2021-02-16');"
justin788,2020-07-01,2021-02-10,"INSERT INTO pt_avail_periods (username, start_date, end_date) VALUES('justin788', '2020-07-01', '2021-02-10');"
lenard471,2020-07-01,2021-02-13,"INSERT INTO pt_avail_periods (username, start_date, end_date) VALUES('lenard471', '2020-07-01', '2021-02-13');"
leopold985,2020-07-01,2021-02-06,"INSERT INTO pt_avail_periods (username, start_date, end_date) VALUES('leopold985', '2020-07-01', '2021-02-06');"
lionel777,2020-07-01,2021-01-31,"INSERT INTO pt_avail_periods (username, start_date, end_date) VALUES('lionel777', '2020-07-01', '2021-01-31');"
manley157,2020-07-01,2021-02-04,"INSERT INTO pt_avail_periods (username, start_date, end_date) VALUES('manley157', '2020-07-01', '2021-02-04');"
marquis568,2020-07-01,2021-02-17,"INSERT INTO pt_avail_periods (username, start_date, end_date) VALUES('marquis568', '2020-07-01', '2021-02-17');"
marshal407,2020-07-01,2021-02-03,"INSERT INTO pt_avail_periods (username, start_date, end_date) VALUES('marshal407', '2020-07-01', '2021-02-03');"
mart185,2020-07-01,2021-02-06,"INSERT INTO pt_avail_periods (username, start_date, end_date) VALUES('mart185', '2020-07-01', '2021-02-06');"
odie474,2020-07-01,2021-02-12,"INSERT INTO pt_avail_periods (username, start_date, end_date) VALUES('odie474', '2020-07-01', '2021-02-12');"
olen796,2020-07-01,2021-01-31,"INSERT INTO pt_avail_periods (username, start_date, end_date) VALUES('olen796', '2020-07-01', '2021-01-31');"
oral659,2020-07-01,2021-01-31,"INSERT INTO pt_avail_periods (username, start_date, end_date) VALUES('oral659', '2020-07-01', '2021-01-31');"
orley265,2020-07-01,2021-02-18,"INSERT INTO pt_avail_periods (username, start_date, end_date) VALUES('orley265', '2020-07-01', '2021-02-18');"
otha447,2020-07-01,2021-02-12,"INSERT INTO pt_avail_periods (username, start_date, end_date) VALUES('otha447', '2020-07-01', '2021-02-12');"
press824,2020-07-01,2021-02-13,"INSERT INTO pt_avail_periods (username, start_date, end_date) VALUES('press824', '2020-07-01', '2021-02-13');"
price466,2020-07-01,2021-02-16,"INSERT INTO pt_avail_periods (username, start_date, end_date) VALUES('price466', '2020-07-01', '2021-02-16');"
quincy145,2020-07-01,2021-02-19,"INSERT INTO pt_avail_periods (username, start_date, end_date) VALUES('quincy145', '2020-07-01', '2021-02-19');"
randall610,2020-07-01,2021-02-04,"INSERT INTO pt_avail_periods (username, start_date, end_date) VALUES('randall610', '2020-07-01', '2021-02-04');"
rich113,2020-07-01,2021-02-11,"INSERT INTO pt_avail_periods (username, start_date, end_date) VALUES('rich113', '2020-07-01', '2021-02-11');"
richmond430,2020-07-01,2021-02-23,"INSERT INTO pt_avail_periods (username, start_date, end_date) VALUES('richmond430', '2020-07-01', '2021-02-23');"
romeo712,2020-07-01,2021-01-28,"INSERT INTO pt_avail_periods (username, start_date, end_date) VALUES('romeo712', '2020-07-01', '2021-01-28');"
russel258,2020-07-01,2021-02-15,"INSERT INTO pt_avail_periods (username, start_date, end_date) VALUES('russel258', '2020-07-01', '2021-02-15');"
rutherford95,2020-07-01,2021-02-19,"INSERT INTO pt_avail_periods (username, start_date, end_date) VALUES('rutherford95', '2020-07-01', '2021-02-19');"
shade903,2020-07-01,2021-02-14,"INSERT INTO pt_avail_periods (username, start_date, end_date) VALUES('shade903', '2020-07-01', '2021-02-14');"
shelby557,2020-07-01,2021-02-22,"INSERT INTO pt_avail_periods (username, start_date, end_date) VALUES('shelby557', '2020-07-01', '2021-02-22');"
solon943,2020-07-01,2021-01-25,"INSERT INTO pt_avail_periods (username, start_date, end_date) VALUES('solon943', '2020-07-01', '2021-01-25');"
thurman362,2020-07-01,2021-02-17,"INSERT INTO pt_avail_periods (username, start_date, end_date) VALUES('thurman362', '2020-07-01', '2021-02-17');"
tilden93,2020-07-01,2021-02-19,"INSERT INTO pt_avail_periods (username, start_date, end_date) VALUES('tilden93', '2020-07-01', '2021-02-19');"
troy532,2020-07-01,2021-02-21,"INSERT INTO pt_avail_periods (username, start_date, end_date) VALUES('troy532', '2020-07-01', '2021-02-21');"
woodson499,2020-07-01,2021-01-26,"INSERT INTO pt_avail_periods (username, start_date, end_date) VALUES('woodson499', '2020-07-01', '2021-01-26');"
worth162,2020-07-01,2021-01-29,"INSERT INTO pt_avail_periods (username, start_date, end_date) VALUES('worth162', '2020-07-01', '2021-01-29');"
aden368,2020-07-01,2021-02-07,"INSERT INTO pt_avail_periods (username, start_date, end_date) VALUES('aden368', '2020-07-01', '2021-02-07');"
alcide519,2020-07-01,2021-02-11,"INSERT INTO pt_avail_periods (username, start_date, end_date) VALUES('alcide519', '2020-07-01', '2021-02-11');"
alf117,2020-07-01,2021-02-13,"INSERT INTO pt_avail_periods (username, start_date, end_date) VALUES('alf117', '2020-07-01', '2021-02-13');"
algie982,2020-07-01,2021-01-27,"INSERT INTO pt_avail_periods (username, start_date, end_date) VALUES('algie982', '2020-07-01', '2021-01-27');"
arlie946,2020-07-01,2021-02-03,"INSERT INTO pt_avail_periods (username, start_date, end_date) VALUES('arlie946', '2020-07-01', '2021-02-03');"
bart825,2020-07-01,2021-02-06,"INSERT INTO pt_avail_periods (username, start_date, end_date) VALUES('bart825', '2020-07-01', '2021-02-06');"
bedford502,2020-07-01,2021-02-14,"INSERT INTO pt_avail_periods (username, start_date, end_date) VALUES('bedford502', '2020-07-01', '2021-02-14');"
benito837,2020-07-01,2021-01-26,"INSERT INTO pt_avail_periods (username, start_date, end_date) VALUES('benito837', '2020-07-01', '2021-01-26');"
billy738,2020-07-01,2021-02-10,"INSERT INTO pt_avail_periods (username, start_date, end_date) VALUES('billy738', '2020-07-01', '2021-02-10');"
bird271,2020-07-01,2021-02-09,"INSERT INTO pt_avail_periods (username, start_date, end_date) VALUES('bird271', '2020-07-01', '2021-02-09');"
birt168,2020-07-01,2021-02-14,"INSERT INTO pt_avail_periods (username, start_date, end_date) VALUES('birt168', '2020-07-01', '2021-02-14');"
bruno945,2020-07-01,2021-01-28,"INSERT INTO pt_avail_periods (username, start_date, end_date) VALUES('bruno945', '2020-07-01', '2021-01-28');"
burley110,2020-07-01,2021-01-27,"INSERT INTO pt_avail_periods (username, start_date, end_date) VALUES('burley110', '2020-07-01', '2021-01-27');"
chancy898,2020-07-01,2021-02-21,"INSERT INTO pt_avail_periods (username, start_date, end_date) VALUES('chancy898', '2020-07-01', '2021-02-21');"
claus467,2020-07-01,2021-01-25,"INSERT INTO pt_avail_periods (username, start_date, end_date) VALUES('claus467', '2020-07-01', '2021-01-25');"
cliff607,2020-07-01,2021-02-23,"INSERT INTO pt_avail_periods (username, start_date, end_date) VALUES('cliff607', '2020-07-01', '2021-02-23');"
clovis772,2020-07-01,2021-02-13,"INSERT INTO pt_avail_periods (username, start_date, end_date) VALUES('clovis772', '2020-07-01', '2021-02-13');"
connie941,2020-07-01,2021-02-23,"INSERT INTO pt_avail_periods (username, start_date, end_date) VALUES('connie941', '2020-07-01', '2021-02-23');"
creed4,2020-07-01,2021-01-27,"INSERT INTO pt_avail_periods (username, start_date, end_date) VALUES('creed4', '2020-07-01', '2021-01-27');"
delos781,2020-07-01,2021-02-12,"INSERT INTO pt_avail_periods (username, start_date, end_date) VALUES('delos781', '2020-07-01', '2021-02-12');"
duke633,2020-07-01,2021-01-31,"INSERT INTO pt_avail_periods (username, start_date, end_date) VALUES('duke633', '2020-07-01', '2021-01-31');"
eber796,2020-07-01,2021-02-12,"INSERT INTO pt_avail_periods (username, start_date, end_date) VALUES('eber796', '2020-07-01', '2021-02-12');"
eligah464,2020-07-01,2021-02-17,"INSERT INTO pt_avail_periods (username, start_date, end_date) VALUES('eligah464', '2020-07-01', '2021-02-17');"
elliot963,2020-07-01,2021-01-27,"INSERT INTO pt_avail_periods (username, start_date, end_date) VALUES('elliot963', '2020-07-01', '2021-01-27');"
elton873,2020-07-01,2021-01-27,"INSERT INTO pt_avail_periods (username, start_date, end_date) VALUES('elton873', '2020-07-01', '2021-01-27');"
emmitt815,2020-07-01,2021-02-04,"INSERT INTO pt_avail_periods (username, start_date, end_date) VALUES('emmitt815', '2020-07-01', '2021-02-04');"
gene567,2020-07-01,2021-01-29,"INSERT INTO pt_avail_periods (username, start_date, end_date) VALUES('gene567', '2020-07-01', '2021-01-29');"
golden850,2020-07-01,2021-02-08,"INSERT INTO pt_avail_periods (username, start_date, end_date) VALUES('golden850', '2020-07-01', '2021-02-08');"
hal348,2020-07-01,2021-02-03,"INSERT INTO pt_avail_periods (username, start_date, end_date) VALUES('hal348', '2020-07-01', '2021-02-03');"
hardin761,2020-07-01,2021-02-13,"INSERT INTO pt_avail_periods (username, start_date, end_date) VALUES('hardin761', '2020-07-01', '2021-02-13');"
harman129,2020-07-01,2021-02-18,"INSERT INTO pt_avail_periods (username, start_date, end_date) VALUES('harman129', '2020-07-01', '2021-02-18');"
hervey239,2020-07-01,2021-01-27,"INSERT INTO pt_avail_periods (username, start_date, end_date) VALUES('hervey239', '2020-07-01', '2021-01-27');"
hollis278,2020-07-01,2021-01-25,"INSERT INTO pt_avail_periods (username, start_date, end_date) VALUES('hollis278', '2020-07-01', '2021-01-25');"
ivey622,2020-07-01,2021-02-20,"INSERT INTO pt_avail_periods (username, start_date, end_date) VALUES('ivey622', '2020-07-01', '2021-02-20');"
jennie413,2020-07-01,2021-02-07,"INSERT INTO pt_avail_periods (username, start_date, end_date) VALUES('jennie413', '2020-07-01', '2021-02-07');"
len357,2020-07-01,2021-02-10,"INSERT INTO pt_avail_periods (username, start_date, end_date) VALUES('len357', '2020-07-01', '2021-02-10');"
lindsay212,2020-07-01,2021-02-11,"INSERT INTO pt_avail_periods (username, start_date, end_date) VALUES('lindsay212', '2020-07-01', '2021-02-11');"
lonie615,2020-07-01,2021-01-27,"INSERT INTO pt_avail_periods (username, start_date, end_date) VALUES('lonie615', '2020-07-01', '2021-01-27');"
lyle319,2020-07-01,2021-02-03,"INSERT INTO pt_avail_periods (username, start_date, end_date) VALUES('lyle319', '2020-07-01', '2021-02-03');"
mac879,2020-07-01,2021-02-10,"INSERT INTO pt_avail_periods (username, start_date, end_date) VALUES('mac879', '2020-07-01', '2021-02-10');"
mal110,2020-07-01,2021-02-11,"INSERT INTO pt_avail_periods (username, start_date, end_date) VALUES('mal110', '2020-07-01', '2021-02-11');"
math403,2020-07-01,2021-02-21,"INSERT INTO pt_avail_periods (username, start_date, end_date) VALUES('math403', '2020-07-01', '2021-02-21');"
miller783,2020-07-01,2021-01-31,"INSERT INTO pt_avail_periods (username, start_date, end_date) VALUES('miller783', '2020-07-01', '2021-01-31');"
orson958,2020-07-01,2021-02-08,"INSERT INTO pt_avail_periods (username, start_date, end_date) VALUES('orson958', '2020-07-01', '2021-02-08');"
osborne696,2020-07-01,2021-02-07,"INSERT INTO pt_avail_periods (username, start_date, end_date) VALUES('osborne696', '2020-07-01', '2021-02-07');"
percival375,2020-07-01,2021-02-10,"INSERT INTO pt_avail_periods (username, start_date, end_date) VALUES('percival375', '2020-07-01', '2021-02-10');"
pleas11,2020-07-01,2021-02-10,"INSERT INTO pt_avail_periods (username, start_date, end_date) VALUES('pleas11', '2020-07-01', '2021-02-10');"
ples791,2020-07-01,2021-02-10,"INSERT INTO pt_avail_periods (username, start_date, end_date) VALUES('ples791', '2020-07-01', '2021-02-10');"
rafael280,2020-07-01,2021-02-09,"INSERT INTO pt_avail_periods (username, start_date, end_date) VALUES('rafael280', '2020-07-01', '2021-02-09');"
raoul529,2020-07-01,2021-02-22,"INSERT INTO pt_avail_periods (username, start_date, end_date) VALUES('raoul529', '2020-07-01', '2021-02-22');"
roderick315,2020-07-01,2021-02-13,"INSERT INTO pt_avail_periods (username, start_date, end_date) VALUES('roderick315', '2020-07-01', '2021-02-13');"
rose606,2020-07-01,2021-02-09,"INSERT INTO pt_avail_periods (username, start_date, end_date) VALUES('rose606', '2020-07-01', '2021-02-09');"
shelton997,2020-07-01,2021-02-08,"INSERT INTO pt_avail_periods (username, start_date, end_date) VALUES('shelton997', '2020-07-01', '2021-02-08');"
sid807,2020-07-01,2021-02-07,"INSERT INTO pt_avail_periods (username, start_date, end_date) VALUES('sid807', '2020-07-01', '2021-02-07');"
theron105,2020-07-01,2021-02-19,"INSERT INTO pt_avail_periods (username, start_date, end_date) VALUES('theron105', '2020-07-01', '2021-02-19');"
tobias278,2020-07-01,2021-01-27,"INSERT INTO pt_avail_periods (username, start_date, end_date) VALUES('tobias278', '2020-07-01', '2021-01-27');"
toney321,2020-07-01,2021-02-11,"INSERT INTO pt_avail_periods (username, start_date, end_date) VALUES('toney321', '2020-07-01', '2021-02-11');"
tyler595,2020-07-01,2021-01-29,"INSERT INTO pt_avail_periods (username, start_date, end_date) VALUES('tyler595', '2020-07-01', '2021-01-29');"
vance209,2020-07-01,2021-02-07,"INSERT INTO pt_avail_periods (username, start_date, end_date) VALUES('vance209', '2020-07-01', '2021-02-07');"
vivian9,2020-07-01,2021-02-10,"INSERT INTO pt_avail_periods (username, start_date, end_date) VALUES('vivian9', '2020-07-01', '2021-02-10');"
walton20,2020-07-01,2021-02-18,"INSERT INTO pt_avail_periods (username, start_date, end_date) VALUES('walton20', '2020-07-01', '2021-02-18');"
watt458,2020-07-01,2021-02-23,"INSERT INTO pt_avail_periods (username, start_date, end_date) VALUES('watt458', '2020-07-01', '2021-02-23');"
weaver265,2020-07-01,2021-01-29,"INSERT INTO pt_avail_periods (username, start_date, end_date) VALUES('weaver265', '2020-07-01', '2021-01-29');"
wilton919,2020-07-01,2021-02-17,"INSERT INTO pt_avail_periods (username, start_date, end_date) VALUES('wilton919', '2020-07-01', '2021-02-17');"
adolf173,2020-07-01,2021-02-04,"INSERT INTO pt_avail_periods (username, start_date, end_date) VALUES('adolf173', '2020-07-01', '2021-02-04');"
albin316,2020-07-01,2021-02-11,"INSERT INTO pt_avail_periods (username, start_date, end_date) VALUES('albin316', '2020-07-01', '2021-02-11');"
albion830,2020-07-01,2021-01-30,"INSERT INTO pt_avail_periods (username, start_date, end_date) VALUES('albion830', '2020-07-01', '2021-01-30');"
allison455,2020-07-01,2021-02-22,"INSERT INTO pt_avail_periods (username, start_date, end_date) VALUES('allison455', '2020-07-01', '2021-02-22');"
alpha164,2020-07-01,2021-01-26,"INSERT INTO pt_avail_periods (username, start_date, end_date) VALUES('alpha164', '2020-07-01', '2021-01-26');"
alpheus111,2020-07-01,2021-02-15,"INSERT INTO pt_avail_periods (username, start_date, end_date) VALUES('alpheus111', '2020-07-01', '2021-02-15');"
anastacio131,2020-07-01,2021-01-27,"INSERT INTO pt_avail_periods (username, start_date, end_date) VALUES('anastacio131', '2020-07-01', '2021-01-27');"
andre987,2020-07-01,2021-01-30,"INSERT INTO pt_avail_periods (username, start_date, end_date) VALUES('andre987', '2020-07-01', '2021-01-30');"
annie133,2020-07-01,2021-02-17,"INSERT INTO pt_avail_periods (username, start_date, end_date) VALUES('annie133', '2020-07-01', '2021-02-17');"
arlington371,2020-07-01,2021-02-22,"INSERT INTO pt_avail_periods (username, start_date, end_date) VALUES('arlington371', '2020-07-01', '2021-02-22');"
armand765,2020-07-01,2021-02-06,"INSERT INTO pt_avail_periods (username, start_date, end_date) VALUES('armand765', '2020-07-01', '2021-02-06');"
asberry567,2020-07-01,2021-01-26,"INSERT INTO pt_avail_periods (username, start_date, end_date) VALUES('asberry567', '2020-07-01', '2021-01-26');"
asbury12,2020-07-01,2021-01-30,"INSERT INTO pt_avail_periods (username, start_date, end_date) VALUES('asbury12', '2020-07-01', '2021-01-30');"
asher118,2020-07-01,2021-02-22,"INSERT INTO pt_avail_periods (username, start_date, end_date) VALUES('asher118', '2020-07-01', '2021-02-22');"
augustin527,2020-07-01,2021-02-02,"INSERT INTO pt_avail_periods (username, start_date, end_date) VALUES('augustin527', '2020-07-01', '2021-02-02');"
auther25,2020-07-01,2021-02-12,"INSERT INTO pt_avail_periods (username, start_date, end_date) VALUES('auther25', '2020-07-01', '2021-02-12');"
author441,2020-07-01,2021-02-14,"INSERT INTO pt_avail_periods (username, start_date, end_date) VALUES('author441', '2020-07-01', '2021-02-14');"
ballard340,2020-07-01,2021-01-31,"INSERT INTO pt_avail_periods (username, start_date, end_date) VALUES('ballard340', '2020-07-01', '2021-01-31');"
blas722,2020-07-01,2021-02-09,"INSERT INTO pt_avail_periods (username, start_date, end_date) VALUES('blas722', '2020-07-01', '2021-02-09');"
caesar187,2020-07-01,2021-01-25,"INSERT INTO pt_avail_periods (username, start_date, end_date) VALUES('caesar187', '2020-07-01', '2021-01-25');"
candido780,2020-07-01,2021-01-26,"INSERT INTO pt_avail_periods (username, start_date, end_date) VALUES('candido780', '2020-07-01', '2021-01-26');"
cato93,2020-07-01,2021-02-23,"INSERT INTO pt_avail_periods (username, start_date, end_date) VALUES('cato93', '2020-07-01', '2021-02-23');"
clarke566,2020-07-01,2021-02-03,"INSERT INTO pt_avail_periods (username, start_date, end_date) VALUES('clarke566', '2020-07-01', '2021-02-03');"
clemente145,2020-07-01,2021-02-09,"INSERT INTO pt_avail_periods (username, start_date, end_date) VALUES('clemente145', '2020-07-01', '2021-02-09');"
colin339,2020-07-01,2021-02-05,"INSERT INTO pt_avail_periods (username, start_date, end_date) VALUES('colin339', '2020-07-01', '2021-02-05');"
commodore565,2020-07-01,2021-01-29,"INSERT INTO pt_avail_periods (username, start_date, end_date) VALUES('commodore565', '2020-07-01', '2021-01-29');"
cora75,2020-07-01,2021-02-12,"INSERT INTO pt_avail_periods (username, start_date, end_date) VALUES('cora75', '2020-07-01', '2021-02-12');"
coy722,2020-07-01,2021-02-16,"INSERT INTO pt_avail_periods (username, start_date, end_date) VALUES('coy722', '2020-07-01', '2021-02-16');"
cruz505,2020-07-01,2021-02-19,"INSERT INTO pt_avail_periods (username, start_date, end_date) VALUES('cruz505', '2020-07-01', '2021-02-19');"
curt588,2020-07-01,2021-02-05,"INSERT INTO pt_avail_periods (username, start_date, end_date) VALUES('curt588', '2020-07-01', '2021-02-05');"
damon261,2020-07-01,2021-02-11,"INSERT INTO pt_avail_periods (username, start_date, end_date) VALUES('damon261', '2020-07-01', '2021-02-11');"
davie150,2020-07-01,2021-02-23,"INSERT INTO pt_avail_periods (username, start_date, end_date) VALUES('davie150', '2020-07-01', '2021-02-23');"
delmar982,2020-07-01,2021-02-06,"INSERT INTO pt_avail_periods (username, start_date, end_date) VALUES('delmar982', '2020-07-01', '2021-02-06');"
dexter466,2020-07-01,2021-02-04,"INSERT INTO pt_avail_periods (username, start_date, end_date) VALUES('dexter466', '2020-07-01', '2021-02-04');"
dora727,2020-07-01,2021-01-25,"INSERT INTO pt_avail_periods (username, start_date, end_date) VALUES('dora727', '2020-07-01', '2021-01-25');"
doss873,2020-07-01,2021-01-31,"INSERT INTO pt_avail_periods (username, start_date, end_date) VALUES('doss873', '2020-07-01', '2021-01-31');"
drew153,2020-07-01,2021-01-30,"INSERT INTO pt_avail_periods (username, start_date, end_date) VALUES('drew153', '2020-07-01', '2021-01-30');"
edson616,2020-07-01,2021-01-29,"INSERT INTO pt_avail_periods (username, start_date, end_date) VALUES('edson616', '2020-07-01', '2021-01-29');"
elam919,2020-07-01,2021-01-31,"INSERT INTO pt_avail_periods (username, start_date, end_date) VALUES('elam919', '2020-07-01', '2021-01-31');"
elihu632,2020-07-01,2021-02-18,"INSERT INTO pt_avail_periods (username, start_date, end_date) VALUES('elihu632', '2020-07-01', '2021-02-18');"
eliza59,2020-07-01,2021-02-06,"INSERT INTO pt_avail_periods (username, start_date, end_date) VALUES('eliza59', '2020-07-01', '2021-02-06');"
elsie815,2020-07-01,2021-02-12,"INSERT INTO pt_avail_periods (username, start_date, end_date) VALUES('elsie815', '2020-07-01', '2021-02-12');"
erie20,2020-07-01,2021-01-25,"INSERT INTO pt_avail_periods (username, start_date, end_date) VALUES('erie20', '2020-07-01', '2021-01-25');"
ernie325,2020-07-01,2021-02-01,"INSERT INTO pt_avail_periods (username, start_date, end_date) VALUES('ernie325', '2020-07-01', '2021-02-01');"
ethel757,2020-07-01,2021-02-02,"INSERT INTO pt_avail_periods (username, start_date, end_date) VALUES('ethel757', '2020-07-01', '2021-02-02');"
ferd910,2020-07-01,2021-02-11,"INSERT INTO pt_avail_periods (username, start_date, end_date) VALUES('ferd910', '2020-07-01', '2021-02-11');"
friend744,2020-07-01,2021-02-10,"INSERT INTO pt_avail_periods (username, start_date, end_date) VALUES('friend744', '2020-07-01', '2021-02-10');"
garry610,2020-07-01,2021-01-26,"INSERT INTO pt_avail_periods (username, start_date, end_date) VALUES('garry610', '2020-07-01', '2021-01-26');"
gary742,2020-07-01,2021-02-21,"INSERT INTO pt_avail_periods (username, start_date, end_date) VALUES('gary742', '2020-07-01', '2021-02-21');"
grace396,2020-07-01,2021-01-30,"INSERT INTO pt_avail_periods (username, start_date, end_date) VALUES('grace396', '2020-07-01', '2021-01-30');"
gustaf880,2020-07-01,2021-02-04,"INSERT INTO pt_avail_periods (username, start_date, end_date) VALUES('gustaf880', '2020-07-01', '2021-02-04');"
hallie407,2020-07-01,2021-02-17,"INSERT INTO pt_avail_periods (username, start_date, end_date) VALUES('hallie407', '2020-07-01', '2021-02-17');"
hampton241,2020-07-01,2021-02-05,"INSERT INTO pt_avail_periods (username, start_date, end_date) VALUES('hampton241', '2020-07-01', '2021-02-05');"
harrie443,2020-07-01,2021-02-15,"INSERT INTO pt_avail_periods (username, start_date, end_date) VALUES('harrie443', '2020-07-01', '2021-02-15');"
hattie909,2020-07-01,2021-01-27,"INSERT INTO pt_avail_periods (username, start_date, end_date) VALUES('hattie909', '2020-07-01', '2021-01-27');"
hence732,2020-07-01,2021-02-15,"INSERT INTO pt_avail_periods (username, start_date, end_date) VALUES('hence732', '2020-07-01', '2021-02-15');"
hillard758,2020-07-01,2021-02-11,"INSERT INTO pt_avail_periods (username, start_date, end_date) VALUES('hillard758', '2020-07-01', '2021-02-11');"
hollie84,2020-07-01,2021-01-27,"INSERT INTO pt_avail_periods (username, start_date, end_date) VALUES('hollie84', '2020-07-01', '2021-01-27');"
holmes785,2020-07-01,2021-02-14,"INSERT INTO pt_avail_periods (username, start_date, end_date) VALUES('holmes785', '2020-07-01', '2021-02-14');"
hope8,2020-07-01,2021-02-17,"INSERT INTO pt_avail_periods (username, start_date, end_date) VALUES('hope8', '2020-07-01', '2021-02-17');"
hyman637,2020-07-01,2021-01-27,"INSERT INTO pt_avail_periods (username, start_date, end_date) VALUES('hyman637', '2020-07-01', '2021-01-27');"
ishmael596,2020-07-01,2021-02-14,"INSERT INTO pt_avail_periods (username, start_date, end_date) VALUES('ishmael596', '2020-07-01', '2021-02-14');"
jarrett331,2020-07-01,2021-02-11,"INSERT INTO pt_avail_periods (username, start_date, end_date) VALUES('jarrett331', '2020-07-01', '2021-02-11');"
jessee101,2020-07-01,2021-01-25,"INSERT INTO pt_avail_periods (username, start_date, end_date) VALUES('jessee101', '2020-07-01', '2021-01-25');"
joeseph359,2020-07-01,2021-02-16,"INSERT INTO pt_avail_periods (username, start_date, end_date) VALUES('joeseph359', '2020-07-01', '2021-02-16');"
junious963,2020-07-01,2021-02-11,"INSERT INTO pt_avail_periods (username, start_date, end_date) VALUES('junious963', '2020-07-01', '2021-02-11');"
kirk442,2020-07-01,2021-02-20,"INSERT INTO pt_avail_periods (username, start_date, end_date) VALUES('kirk442', '2020-07-01', '2021-02-20');"
levy247,2020-07-01,2021-02-02,"INSERT INTO pt_avail_periods (username, start_date, end_date) VALUES('levy247', '2020-07-01', '2021-02-02');"
mervin305,2020-07-01,2021-02-21,"INSERT INTO pt_avail_periods (username, start_date, end_date) VALUES('mervin305', '2020-07-01', '2021-02-21');"
michel415,2020-07-01,2021-02-15,"INSERT INTO pt_avail_periods (username, start_date, end_date) VALUES('michel415', '2020-07-01', '2021-02-15');"
milford770,2020-07-01,2021-01-29,"INSERT INTO pt_avail_periods (username, start_date, end_date) VALUES('milford770', '2020-07-01', '2021-01-29');"
mitchel40,2020-07-01,2021-02-08,"INSERT INTO pt_avail_periods (username, start_date, end_date) VALUES('mitchel40', '2020-07-01', '2021-02-08');"
nellie702,2020-07-01,2021-02-10,"INSERT INTO pt_avail_periods (username, start_date, end_date) VALUES('nellie702', '2020-07-01', '2021-02-10');"
noble61,2020-07-01,2021-02-22,"INSERT INTO pt_avail_periods (username, start_date, end_date) VALUES('noble61', '2020-07-01', '2021-02-22');"
obed24,2020-07-01,2021-02-23,"INSERT INTO pt_avail_periods (username, start_date, end_date) VALUES('obed24', '2020-07-01', '2021-02-23');"
oda922,2020-07-01,2021-02-13,"INSERT INTO pt_avail_periods (username, start_date, end_date) VALUES('oda922', '2020-07-01', '2021-02-13');"
orren810,2020-07-01,2021-01-28,"INSERT INTO pt_avail_periods (username, start_date, end_date) VALUES('orren810', '2020-07-01', '2021-01-28');"
ottis322,2020-07-01,2021-01-29,"INSERT INTO pt_avail_periods (username, start_date, end_date) VALUES('ottis322', '2020-07-01', '2021-01-29');"
rafe442,2020-07-01,2021-02-22,"INSERT INTO pt_avail_periods (username, start_date, end_date) VALUES('rafe442', '2020-07-01', '2021-02-22');"
redden111,2020-07-01,2021-02-18,"INSERT INTO pt_avail_periods (username, start_date, end_date) VALUES('redden111', '2020-07-01', '2021-02-18');"
reese347,2020-07-01,2021-02-08,"INSERT INTO pt_avail_periods (username, start_date, end_date) VALUES('reese347', '2020-07-01', '2021-02-08');"
rube178,2020-07-01,2021-02-04,"INSERT INTO pt_avail_periods (username, start_date, end_date) VALUES('rube178', '2020-07-01', '2021-02-04');"
ruby446,2020-07-01,2021-02-18,"INSERT INTO pt_avail_periods (username, start_date, end_date) VALUES('ruby446', '2020-07-01', '2021-02-18');"
rupert602,2020-07-01,2021-02-09,"INSERT INTO pt_avail_periods (username, start_date, end_date) VALUES('rupert602', '2020-07-01', '2021-02-09');"
salomon713,2020-07-01,2021-02-23,"INSERT INTO pt_avail_periods (username, start_date, end_date) VALUES('salomon713', '2020-07-01', '2021-02-23');"
sammie661,2020-07-01,2021-01-31,"INSERT INTO pt_avail_periods (username, start_date, end_date) VALUES('sammie661', '2020-07-01', '2021-01-31');"
sanders937,2020-07-01,2021-02-01,"INSERT INTO pt_avail_periods (username, start_date, end_date) VALUES('sanders937', '2020-07-01', '2021-02-01');"
soloman230,2020-07-01,2021-02-03,"INSERT INTO pt_avail_periods (username, start_date, end_date) VALUES('soloman230', '2020-07-01', '2021-02-03');"
stacy478,2020-07-01,2021-02-02,"INSERT INTO pt_avail_periods (username, start_date, end_date) VALUES('stacy478', '2020-07-01', '2021-02-02');"
stanford180,2020-07-01,2021-02-02,"INSERT INTO pt_avail_periods (username, start_date, end_date) VALUES('stanford180', '2020-07-01', '2021-02-02');"
stanton123,2020-07-01,2021-02-11,"INSERT INTO pt_avail_periods (username, start_date, end_date) VALUES('stanton123', '2020-07-01', '2021-02-11');"
thad332,2020-07-01,2021-02-05,"INSERT INTO pt_avail_periods (username, start_date, end_date) VALUES('thad332', '2020-07-01', '2021-02-05');"
titus497,2020-07-01,2021-02-17,"INSERT INTO pt_avail_periods (username, start_date, end_date) VALUES('titus497', '2020-07-01', '2021-02-17');"
tracy612,2020-07-01,2021-01-27,"INSERT INTO pt_avail_periods (username, start_date, end_date) VALUES('tracy612', '2020-07-01', '2021-01-27');"
vernie793,2020-07-01,2021-01-28,"INSERT INTO pt_avail_periods (username, start_date, end_date) VALUES('vernie793', '2020-07-01', '2021-01-28');"
wendell587,2020-07-01,2021-01-28,"INSERT INTO pt_avail_periods (username, start_date, end_date) VALUES('wendell587', '2020-07-01', '2021-01-28');"
wilhelm165,2020-07-01,2021-01-31,"INSERT INTO pt_avail_periods (username, start_date, end_date) VALUES('wilhelm165', '2020-07-01', '2021-01-31');"
willian45,2020-07-01,2021-01-29,"INSERT INTO pt_avail_periods (username, start_date, end_date) VALUES('willian45', '2020-07-01', '2021-01-29');"
yee23,2020-07-01,2021-02-01,"INSERT INTO pt_avail_periods (username, start_date, end_date) VALUES('yee23', '2020-07-01', '2021-02-01');"
zeke770,2020-07-01,2021-02-07,"INSERT INTO pt_avail_periods (username, start_date, end_date) VALUES('zeke770', '2020-07-01', '2021-02-07');"
ab709,2020-07-01,2021-02-06,"INSERT INTO pt_avail_periods (username, start_date, end_date) VALUES('ab709', '2020-07-01', '2021-02-06');"
abbott917,2020-07-01,2021-02-15,"INSERT INTO pt_avail_periods (username, start_date, end_date) VALUES('abbott917', '2020-07-01', '2021-02-15');"
agustus754,2020-07-01,2021-02-13,"INSERT INTO pt_avail_periods (username, start_date, end_date) VALUES('agustus754', '2020-07-01', '2021-02-13');"
albertus811,2020-07-01,2021-02-11,"INSERT INTO pt_avail_periods (username, start_date, end_date) VALUES('albertus811', '2020-07-01', '2021-02-11');"
almer925,2020-07-01,2021-02-15,"INSERT INTO pt_avail_periods (username, start_date, end_date) VALUES('almer925', '2020-07-01', '2021-02-15');"
alphonso998,2020-07-01,2021-02-20,"INSERT INTO pt_avail_periods (username, start_date, end_date) VALUES('alphonso998', '2020-07-01', '2021-02-20');"
alvia722,2020-07-01,2021-02-08,"INSERT INTO pt_avail_periods (username, start_date, end_date) VALUES('alvia722', '2020-07-01', '2021-02-08');"
artie278,2020-07-01,2021-02-02,"INSERT INTO pt_avail_periods (username, start_date, end_date) VALUES('artie278', '2020-07-01', '2021-02-02');"
arvid690,2020-07-01,2021-02-22,"INSERT INTO pt_avail_periods (username, start_date, end_date) VALUES('arvid690', '2020-07-01', '2021-02-22');"
ashby13,2020-07-01,2021-02-14,"INSERT INTO pt_avail_periods (username, start_date, end_date) VALUES('ashby13', '2020-07-01', '2021-02-14');"
augusta638,2020-07-01,2021-01-31,"INSERT INTO pt_avail_periods (username, start_date, end_date) VALUES('augusta638', '2020-07-01', '2021-01-31');"
aurthur759,2020-07-01,2021-02-06,"INSERT INTO pt_avail_periods (username, start_date, end_date) VALUES('aurthur759', '2020-07-01', '2021-02-06');"
babe621,2020-07-01,2021-02-23,"INSERT INTO pt_avail_periods (username, start_date, end_date) VALUES('babe621', '2020-07-01', '2021-02-23');"
baldwin294,2020-07-01,2021-02-10,"INSERT INTO pt_avail_periods (username, start_date, end_date) VALUES('baldwin294', '2020-07-01', '2021-02-10');"
barnett591,2020-07-01,2021-02-12,"INSERT INTO pt_avail_periods (username, start_date, end_date) VALUES('barnett591', '2020-07-01', '2021-02-12');"
bartholomew361,2020-07-01,2021-02-20,"INSERT INTO pt_avail_periods (username, start_date, end_date) VALUES('bartholomew361', '2020-07-01', '2021-02-20');"
barton652,2020-07-01,2021-02-21,"INSERT INTO pt_avail_periods (username, start_date, end_date) VALUES('barton652', '2020-07-01', '2021-02-21');"
bernie138,2020-07-01,2021-01-30,"INSERT INTO pt_avail_periods (username, start_date, end_date) VALUES('bernie138', '2020-07-01', '2021-01-30');"
blaine15,2020-07-01,2021-01-28,"INSERT INTO pt_avail_periods (username, start_date, end_date) VALUES('blaine15', '2020-07-01', '2021-01-28');"
boston945,2020-07-01,2021-02-12,"INSERT INTO pt_avail_periods (username, start_date, end_date) VALUES('boston945', '2020-07-01', '2021-02-12');"
brad433,2020-07-01,2021-01-31,"INSERT INTO pt_avail_periods (username, start_date, end_date) VALUES('brad433', '2020-07-01', '2021-01-31');"
bradford260,2020-07-01,2021-02-12,"INSERT INTO pt_avail_periods (username, start_date, end_date) VALUES('bradford260', '2020-07-01', '2021-02-12');"
bradley976,2020-07-01,2021-02-20,"INSERT INTO pt_avail_periods (username, start_date, end_date) VALUES('bradley976', '2020-07-01', '2021-02-20');"
brooks75,2020-07-01,2021-02-16,"INSERT INTO pt_avail_periods (username, start_date, end_date) VALUES('brooks75', '2020-07-01', '2021-02-16');"
buck965,2020-07-01,2021-01-29,"INSERT INTO pt_avail_periods (username, start_date, end_date) VALUES('buck965', '2020-07-01', '2021-01-29');"
budd804,2020-07-01,2021-01-30,"INSERT INTO pt_avail_periods (username, start_date, end_date) VALUES('budd804', '2020-07-01', '2021-01-30');"
ceylon727,2020-07-01,2021-02-05,"INSERT INTO pt_avail_periods (username, start_date, end_date) VALUES('ceylon727', '2020-07-01', '2021-02-05');"
chalmers50,2020-07-01,2021-02-14,"INSERT INTO pt_avail_periods (username, start_date, end_date) VALUES('chalmers50', '2020-07-01', '2021-02-14');"
chesley617,2020-07-01,2021-02-16,"INSERT INTO pt_avail_periods (username, start_date, end_date) VALUES('chesley617', '2020-07-01', '2021-02-16');"
chin77,2020-07-01,2021-01-25,"INSERT INTO pt_avail_periods (username, start_date, end_date) VALUES('chin77', '2020-07-01', '2021-01-25');"
cleo765,2020-07-01,2021-02-13,"INSERT INTO pt_avail_periods (username, start_date, end_date) VALUES('cleo765', '2020-07-01', '2021-02-13');"
crockett708,2020-07-01,2021-01-30,"INSERT INTO pt_avail_periods (username, start_date, end_date) VALUES('crockett708', '2020-07-01', '2021-01-30');"
cyril255,2020-07-01,2021-02-14,"INSERT INTO pt_avail_periods (username, start_date, end_date) VALUES('cyril255', '2020-07-01', '2021-02-14');"
daisy941,2020-07-01,2021-01-30,"INSERT INTO pt_avail_periods (username, start_date, end_date) VALUES('daisy941', '2020-07-01', '2021-01-30');"
denver467,2020-07-01,2021-02-18,"INSERT INTO pt_avail_periods (username, start_date, end_date) VALUES('denver467', '2020-07-01', '2021-02-18');"
dow273,2020-07-01,2021-02-15,"INSERT INTO pt_avail_periods (username, start_date, end_date) VALUES('dow273', '2020-07-01', '2021-02-15');"
duff121,2020-07-01,2021-02-13,"INSERT INTO pt_avail_periods (username, start_date, end_date) VALUES('duff121', '2020-07-01', '2021-02-13');"
edie182,2020-07-01,2021-02-09,"INSERT INTO pt_avail_periods (username, start_date, end_date) VALUES('edie182', '2020-07-01', '2021-02-09');"
edith801,2020-07-01,2021-02-16,"INSERT INTO pt_avail_periods (username, start_date, end_date) VALUES('edith801', '2020-07-01', '2021-02-16');"
elick123,2020-07-01,2021-02-19,"INSERT INTO pt_avail_periods (username, start_date, end_date) VALUES('elick123', '2020-07-01', '2021-02-19');"
elie133,2020-07-01,2021-02-01,"INSERT INTO pt_avail_periods (username, start_date, end_date) VALUES('elie133', '2020-07-01', '2021-02-01');"
eliga202,2020-07-01,2021-01-30,"INSERT INTO pt_avail_periods (username, start_date, end_date) VALUES('eliga202', '2020-07-01', '2021-01-30');"
eliseo21,2020-07-01,2021-02-01,"INSERT INTO pt_avail_periods (username, start_date, end_date) VALUES('eliseo21', '2020-07-01', '2021-02-01');"
elroy240,2020-07-01,2021-02-13,"INSERT INTO pt_avail_periods (username, start_date, end_date) VALUES('elroy240', '2020-07-01', '2021-02-13');"
ely978,2020-07-01,2021-02-02,"INSERT INTO pt_avail_periods (username, start_date, end_date) VALUES('ely978', '2020-07-01', '2021-02-02');"
ennis766,2020-07-01,2021-01-26,"INSERT INTO pt_avail_periods (username, start_date, end_date) VALUES('ennis766', '2020-07-01', '2021-01-26');"
enrique603,2020-07-01,2021-02-07,"INSERT INTO pt_avail_periods (username, start_date, end_date) VALUES('enrique603', '2020-07-01', '2021-02-07');"
erasmus277,2020-07-01,2021-01-29,"INSERT INTO pt_avail_periods (username, start_date, end_date) VALUES('erasmus277', '2020-07-01', '2021-01-29');"
esau681,2020-07-01,2021-01-26,"INSERT INTO pt_avail_periods (username, start_date, end_date) VALUES('esau681', '2020-07-01', '2021-01-26');"
everette83,2020-07-01,2021-02-08,"INSERT INTO pt_avail_periods (username, start_date, end_date) VALUES('everette83', '2020-07-01', '2021-02-08');"
firman659,2020-07-01,2021-01-25,"INSERT INTO pt_avail_periods (username, start_date, end_date) VALUES('firman659', '2020-07-01', '2021-01-25');"
fleming663,2020-07-01,2021-01-31,"INSERT INTO pt_avail_periods (username, start_date, end_date) VALUES('fleming663', '2020-07-01', '2021-01-31');"
flora654,2020-07-01,2021-02-16,"INSERT INTO pt_avail_periods (username, start_date, end_date) VALUES('flora654', '2020-07-01', '2021-02-16');"
gardner682,2020-07-01,2021-02-20,"INSERT INTO pt_avail_periods (username, start_date, end_date) VALUES('gardner682', '2020-07-01', '2021-02-20');"
gee57,2020-07-01,2021-02-01,"INSERT INTO pt_avail_periods (username, start_date, end_date) VALUES('gee57', '2020-07-01', '2021-02-01');"
gorge554,2020-07-01,2021-01-27,"INSERT INTO pt_avail_periods (username, start_date, end_date) VALUES('gorge554', '2020-07-01', '2021-01-27');"
gottlieb214,2020-07-01,2021-02-19,"INSERT INTO pt_avail_periods (username, start_date, end_date) VALUES('gottlieb214', '2020-07-01', '2021-02-19');"
gregorio411,2020-07-01,2021-02-02,"INSERT INTO pt_avail_periods (username, start_date, end_date) VALUES('gregorio411', '2020-07-01', '2021-02-02');"
gregory633,2020-07-01,2021-02-02,"INSERT INTO pt_avail_periods (username, start_date, end_date) VALUES('gregory633', '2020-07-01', '2021-02-02');"
gustavus508,2020-07-01,2021-02-07,"INSERT INTO pt_avail_periods (username, start_date, end_date) VALUES('gustavus508', '2020-07-01', '2021-02-07');"
halsey197,2020-07-01,2021-01-31,"INSERT INTO pt_avail_periods (username, start_date, end_date) VALUES('halsey197', '2020-07-01', '2021-01-31');"
handy872,2020-07-01,2021-01-27,"INSERT INTO pt_avail_periods (username, start_date, end_date) VALUES('handy872', '2020-07-01', '2021-01-27');"
hardie879,2020-07-01,2021-01-31,"INSERT INTO pt_avail_periods (username, start_date, end_date) VALUES('hardie879', '2020-07-01', '2021-01-31');"
harl973,2020-07-01,2021-01-27,"INSERT INTO pt_avail_periods (username, start_date, end_date) VALUES('harl973', '2020-07-01', '2021-01-27');"
hayden788,2020-07-01,2021-01-26,"INSERT INTO pt_avail_periods (username, start_date, end_date) VALUES('hayden788', '2020-07-01', '2021-01-26');"
hays522,2020-07-01,2021-01-27,"INSERT INTO pt_avail_periods (username, start_date, end_date) VALUES('hays522', '2020-07-01', '2021-01-27');"
hermon452,2020-07-01,2021-02-07,"INSERT INTO pt_avail_periods (username, start_date, end_date) VALUES('hermon452', '2020-07-01', '2021-02-07');"
hershel957,2020-07-01,2021-02-19,"INSERT INTO pt_avail_periods (username, start_date, end_date) VALUES('hershel957', '2020-07-01', '2021-02-19');"
holly9,2020-07-01,2021-02-19,"INSERT INTO pt_avail_periods (username, start_date, end_date) VALUES('holly9', '2020-07-01', '2021-02-19');"
hosteen135,2020-07-01,2021-02-04,"INSERT INTO pt_avail_periods (username, start_date, end_date) VALUES('hosteen135', '2020-07-01', '2021-02-04');"
hoyt195,2020-07-01,2021-02-21,"INSERT INTO pt_avail_periods (username, start_date, end_date) VALUES('hoyt195', '2020-07-01', '2021-02-21');"
hudson631,2020-07-01,2021-02-01,"INSERT INTO pt_avail_periods (username, start_date, end_date) VALUES('hudson631', '2020-07-01', '2021-02-01');"
huey314,2020-07-01,2021-02-16,"INSERT INTO pt_avail_periods (username, start_date, end_date) VALUES('huey314', '2020-07-01', '2021-02-16');"
humphrey487,2020-07-01,2021-02-17,"INSERT INTO pt_avail_periods (username, start_date, end_date) VALUES('humphrey487', '2020-07-01', '2021-02-17');"
hunt757,2020-07-01,2021-01-30,"INSERT INTO pt_avail_periods (username, start_date, end_date) VALUES('hunt757', '2020-07-01', '2021-01-30');"
hyrum779,2020-07-01,2021-01-30,"INSERT INTO pt_avail_periods (username, start_date, end_date) VALUES('hyrum779', '2020-07-01', '2021-01-30');"
irven345,2020-07-01,2021-02-08,"INSERT INTO pt_avail_periods (username, start_date, end_date) VALUES('irven345', '2020-07-01', '2021-02-08');"
isam620,2020-07-01,2021-02-14,"INSERT INTO pt_avail_periods (username, start_date, end_date) VALUES('isam620', '2020-07-01', '2021-02-14');"
ivy843,2020-07-01,2021-02-10,"INSERT INTO pt_avail_periods (username, start_date, end_date) VALUES('ivy843', '2020-07-01', '2021-02-10');"
jabez433,2020-07-01,2021-02-07,"INSERT INTO pt_avail_periods (username, start_date, end_date) VALUES('jabez433', '2020-07-01', '2021-02-07');"
jewel147,2020-07-01,2021-01-30,"INSERT INTO pt_avail_periods (username, start_date, end_date) VALUES('jewel147', '2020-07-01', '2021-01-30');"
jodie444,2020-07-01,2021-02-20,"INSERT INTO pt_avail_periods (username, start_date, end_date) VALUES('jodie444', '2020-07-01', '2021-02-20');"
judd120,2020-07-01,2021-01-31,"INSERT INTO pt_avail_periods (username, start_date, end_date) VALUES('judd120', '2020-07-01', '2021-01-31');"
julious695,2020-07-01,2021-02-15,"INSERT INTO pt_avail_periods (username, start_date, end_date) VALUES('julious695', '2020-07-01', '2021-02-15');"
justice599,2020-07-01,2021-02-16,"INSERT INTO pt_avail_periods (username, start_date, end_date) VALUES('justice599', '2020-07-01', '2021-02-16');"
katherine54,2020-07-01,2021-02-22,"INSERT INTO pt_avail_periods (username, start_date, end_date) VALUES('katherine54', '2020-07-01', '2021-02-22');"
kelly658,2020-07-01,2021-02-13,"INSERT INTO pt_avail_periods (username, start_date, end_date) VALUES('kelly658', '2020-07-01', '2021-02-13');"
kit73,2020-07-01,2021-01-27,"INSERT INTO pt_avail_periods (username, start_date, end_date) VALUES('kit73', '2020-07-01', '2021-01-27');"
knute189,2020-07-01,2021-02-03,"INSERT INTO pt_avail_periods (username, start_date, end_date) VALUES('knute189', '2020-07-01', '2021-02-03');"
lavern920,2020-07-01,2021-02-05,"INSERT INTO pt_avail_periods (username, start_date, end_date) VALUES('lavern920', '2020-07-01', '2021-02-05');"
lawyer94,2020-07-01,2021-02-22,"INSERT INTO pt_avail_periods (username, start_date, end_date) VALUES('lawyer94', '2020-07-01', '2021-02-22');"
layton462,2020-07-01,2021-02-09,"INSERT INTO pt_avail_periods (username, start_date, end_date) VALUES('layton462', '2020-07-01', '2021-02-09');"
